{"img_001.jpg52370":{"filename":"img_001.jpg","size":52370,"regions":[{"shape_attributes":{"name":"rect","x":66,"y":53,"width":74,"height":125},"region_attributes":{"class":"Right"}},{"shape_attributes":{"name":"rect","x":232,"y":36,"width":68,"height":125},"region_attributes":{"class":"DownLeft"}}],"file_attributes":{"caption":"","public_domain":"no","image_url":""}},"img_002.jpg50527":{"filename":"img_002.jpg","size":50527,"regions":[{"shape_attributes":{"name":"rect","x":115,"y":37,"width":44,"height":71},"region_attributes":{"class":"Right"}},{"shape_attributes":{"name":"rect","x":199,"y":46,"width":39,"height":70},"region_attributes":{"class":"Up"}}],"file_attributes":{"caption":"","public_domain":"no","image_url":""}},"img_003.jpg54684":{"filename":"img_003.jpg","size":54684,"regions":[{"shape_attributes":{"name":"rect","x":186,"y":9,"width":69,"height":94},"region_attributes":{"class":"Right"}},{"shape_attributes":{"name":"rect","x":111,"y":161,"width":23,"height":40},"region_attributes":{"class":"Front"}},{"shape_attributes":{"name":"rect","x":68,"y":165,"width":29,"height":40},"region_attributes":{"class":"Front"}},{"shape_attributes":{"name":"rect","x":22,"y":160,"width":35,"height":36},"region_attributes":{"class":"Front"}},{"shape_attributes":{"name":"rect","x":3,"y":184,"width":19,"height":41},"region_attributes":{"class":"Front"}}],"file_attributes":{"caption":"","public_domain":"no","image_url":""}},"img_004.jpg48548":{"filename":"img_004.jpg","size":48548,"regions":[{"shape_attributes":{"name":"rect","x":228,"y":44,"width":63,"height":93},"region_attributes":{"class":"Front"}}],"file_attributes":{"caption":"","public_domain":"no","image_url":""}},"img_005.jpg43191":{"filename":"img_005.jpg","size":43191,"regions":[{"shape_attributes":{"name":"rect","x":171,"y":25,"width":127,"height":204},"region_attributes":{"class":"Right"}}],"file_attributes":{"caption":"","public_domain":"no","image_url":""}},"img_006.jpg53500":{"filename":"img_006.jpg","size":53500,"regions":[{"shape_attributes":{"name":"rect","x":24,"y":55,"width":63,"height":121},"region_attributes":{"class":"Front"}},{"shape_attributes":{"name":"rect","x":99,"y":13,"width":71,"height":122},"region_attributes":{"class":"Front"}},{"shape_attributes":{"name":"rect","x":190,"y":57,"width":70,"height":135},"region_attributes":{"class":"Front"}},{"shape_attributes":{"name":"rect","x":294,"y":44,"width":89,"height":124},"region_attributes":{"class":"Front"}}],"file_attributes":{"caption":"","public_domain":"no","image_url":""}},"img_007.jpg102010":{"filename":"img_007.jpg","size":102010,"regions":[{"shape_attributes":{"name":"rect","x":158,"y":50,"width":106,"height":116},"region_attributes":{"class":"Front"}}],"file_attributes":{"caption":"","public_domain":"no","image_url":""}},"img_008.jpg75243":{"filename":"img_008.jpg","size":75243,"regions":[{"shape_attributes":{"name":"rect","x":49,"y":48,"width":67,"height":114},"region_attributes":{"class":"DownLeft"}},{"shape_attributes":{"name":"rect","x":154,"y":19,"width":96,"height":192},"region_attributes":{"class":"Front"}},{"shape_attributes":{"name":"rect","x":294,"y":39,"width":66,"height":96},"region_attributes":{"class":"Right"}}],"file_attributes":{"caption":"","public_domain":"no","image_url":""}},"img_009.jpg57029":{"filename":"img_009.jpg","size":57029,"regions":[{"shape_attributes":{"name":"rect","x":110,"y":94,"width":61,"height":119},"region_attributes":{"class":"Left"}},{"shape_attributes":{"name":"rect","x":204,"y":11,"width":85,"height":123},"region_attributes":{"class":"Left"}}],"file_attributes":{"caption":"","public_domain":"no","image_url":""}},"img_010.jpg41635":{"filename":"img_010.jpg","size":41635,"regions":[{"shape_attributes":{"name":"rect","x":148,"y":78,"width":95,"height":140},"region_attributes":{"class":"Left"}}],"file_attributes":{"caption":"","public_domain":"no","image_url":""}},"img_011.jpg69010":{"filename":"img_011.jpg","size":69010,"regions":[{"shape_attributes":{"name":"rect","x":326,"y":47,"width":46,"height":66},"region_attributes":{"class":"Left"}},{"shape_attributes":{"name":"rect","x":185,"y":90,"width":34,"height":52},"region_attributes":{"class":"Front"}},{"shape_attributes":{"name":"rect","x":45,"y":7,"width":42,"height":43},"region_attributes":{"class":"Back"}}],"file_attributes":{"caption":"","public_domain":"no","image_url":""}},"img_012.jpg51200":{"filename":"img_012.jpg","size":51200,"regions":[{"shape_attributes":{"name":"rect","x":161,"y":17,"width":100,"height":180},"region_attributes":{"class":"Front"}}],"file_attributes":{"caption":"","public_domain":"no","image_url":""}},"img_013.jpg69310":{"filename":"img_013.jpg","size":69310,"regions":[{"shape_attributes":{"name":"rect","x":185,"y":53,"width":54,"height":75},"region_attributes":{"class":"Up"}},{"shape_attributes":{"name":"rect","x":296,"y":145,"width":34,"height":56},"region_attributes":{"class":"Front"}}],"file_attributes":{"caption":"","public_domain":"no","image_url":""}},"img_014.jpg48518":{"filename":"img_014.jpg","size":48518,"regions":[{"shape_attributes":{"name":"rect","x":161,"y":16,"width":110,"height":224},"region_attributes":{"class":"Left"}}],"file_attributes":{"caption":"","public_domain":"no","image_url":""}},"img_015.jpg31814":{"filename":"img_015.jpg","size":31814,"regions":[{"shape_attributes":{"name":"rect","x":160,"y":14,"width":77,"height":112},"region_attributes":{"class":"Front"}}],"file_attributes":{"caption":"","public_domain":"no","image_url":""}},"img_016.jpg54581":{"filename":"img_016.jpg","size":54581,"regions":[{"shape_attributes":{"name":"rect","x":158,"y":24,"width":88,"height":122},"region_attributes":{"class":"UpLeft"}}],"file_attributes":{"caption":"","public_domain":"no","image_url":""}},"img_017.jpg71388":{"filename":"img_017.jpg","size":71388,"regions":[{"shape_attributes":{"name":"rect","x":237,"y":50,"width":71,"height":89},"region_attributes":{"class":"Back"}},{"shape_attributes":{"name":"rect","x":158,"y":53,"width":67,"height":97},"region_attributes":{"class":"Right"}},{"shape_attributes":{"name":"rect","x":85,"y":87,"width":58,"height":97},"region_attributes":{"class":"Front"}},{"shape_attributes":{"name":"rect","x":28,"y":113,"width":54,"height":84},"region_attributes":{"class":"Back"}},{"shape_attributes":{"name":"rect","x":6,"y":52,"width":46,"height":90},"region_attributes":{"class":"Back"}}],"file_attributes":{"caption":"","public_domain":"no","image_url":""}},"img_018.jpg75492":{"filename":"img_018.jpg","size":75492,"regions":[{"shape_attributes":{"name":"rect","x":226,"y":17,"width":102,"height":127},"region_attributes":{"class":"Front"}},{"shape_attributes":{"name":"rect","x":72,"y":72,"width":89,"height":139},"region_attributes":{"class":"Left"}},{"shape_attributes":{"name":"rect","x":150,"y":1,"width":48,"height":66},"region_attributes":{"class":"Back"}},{"shape_attributes":{"name":"rect","x":6,"y":11,"width":40,"height":49},"region_attributes":{"class":"Front"}}],"file_attributes":{"caption":"","public_domain":"no","image_url":""}},"img_019.jpg41767":{"filename":"img_019.jpg","size":41767,"regions":[{"shape_attributes":{"name":"rect","x":290,"y":35,"width":73,"height":107},"region_attributes":{"class":"Right"}}],"file_attributes":{"caption":"","public_domain":"no","image_url":""}},"img_020.jpg36084":{"filename":"img_020.jpg","size":36084,"regions":[{"shape_attributes":{"name":"rect","x":165,"y":129,"width":76,"height":153},"region_attributes":{"class":"Down"}}],"file_attributes":{"caption":"","public_domain":"no","image_url":""}},"img_021.jpg39699":{"filename":"img_021.jpg","size":39699,"regions":[{"shape_attributes":{"name":"rect","x":119,"y":28,"width":187,"height":232},"region_attributes":{"class":"UpRight"}}],"file_attributes":{"caption":"","public_domain":"no","image_url":""}},"img_024.jpg49262":{"filename":"img_024.jpg","size":49262,"regions":[{"shape_attributes":{"name":"rect","x":64,"y":63,"width":65,"height":97},"region_attributes":{"class":"Left"}},{"shape_attributes":{"name":"rect","x":261,"y":86,"width":52,"height":91},"region_attributes":{"class":"Left"}}],"file_attributes":{"caption":"","public_domain":"no","image_url":""}},"img_025.jpg40034":{"filename":"img_025.jpg","size":40034,"regions":[{"shape_attributes":{"name":"rect","x":142,"y":164,"width":93,"height":122},"region_attributes":{"class":"UpLeft"}}],"file_attributes":{"caption":"","public_domain":"no","image_url":""}},"img_026.jpg66538":{"filename":"img_026.jpg","size":66538,"regions":[{"shape_attributes":{"name":"rect","x":158,"y":27,"width":137,"height":136},"region_attributes":{"class":"Right"}}],"file_attributes":{"caption":"","public_domain":"no","image_url":""}},"img_027.jpg68109":{"filename":"img_027.jpg","size":68109,"regions":[{"shape_attributes":{"name":"rect","x":130,"y":58,"width":79,"height":126},"region_attributes":{"class":"Right"}},{"shape_attributes":{"name":"rect","x":17,"y":75,"width":61,"height":101},"region_attributes":{"class":"Right"}},{"shape_attributes":{"name":"rect","x":251,"y":56,"width":66,"height":72},"region_attributes":{"class":"Front"}},{"shape_attributes":{"name":"rect","x":251,"y":139,"width":60,"height":84},"region_attributes":{"class":"Front"}},{"shape_attributes":{"name":"rect","x":335,"y":80,"width":65,"height":106},"region_attributes":{"class":"Right"}}],"file_attributes":{"caption":"","public_domain":"no","image_url":""}},"img_028.jpg74849":{"filename":"img_028.jpg","size":74849,"regions":[{"shape_attributes":{"name":"rect","x":296,"y":85,"width":77,"height":87},"region_attributes":{"class":"Front"}}],"file_attributes":{"caption":"","public_domain":"no","image_url":""}},"img_029.jpg48268":{"filename":"img_029.jpg","size":48268,"regions":[{"shape_attributes":{"name":"rect","x":121,"y":38,"width":158,"height":218},"region_attributes":{"class":"Right"}}],"file_attributes":{"caption":"","public_domain":"no","image_url":""}},"img_030.jpg88506":{"filename":"img_030.jpg","size":88506,"regions":[{"shape_attributes":{"name":"rect","x":194,"y":102,"width":77,"height":96},"region_attributes":{"class":"Back"}},{"shape_attributes":{"name":"rect","x":76,"y":100,"width":82,"height":103},"region_attributes":{"class":"Right"}},{"shape_attributes":{"name":"rect","x":318,"y":92,"width":54,"height":117},"region_attributes":{"class":"Left"}},{"shape_attributes":{"name":"rect","x":9,"y":134,"width":72,"height":104},"region_attributes":{"class":"Right"}},{"shape_attributes":{"name":"rect","x":275,"y":44,"width":45,"height":68},"region_attributes":{"class":"Front"}}],"file_attributes":{"caption":"","public_domain":"no","image_url":""}},"img_031.jpg52929":{"filename":"img_031.jpg","size":52929,"regions":[{"shape_attributes":{"name":"rect","x":213,"y":12,"width":104,"height":157},"region_attributes":{"class":"Left"}}],"file_attributes":{"caption":"","public_domain":"no","image_url":""}},"img_033.jpg66641":{"filename":"img_033.jpg","size":66641,"regions":[{"shape_attributes":{"name":"rect","x":135,"y":24,"width":85,"height":125},"region_attributes":{"class":"DownRight"}},{"shape_attributes":{"name":"rect","x":235,"y":88,"width":70,"height":110},"region_attributes":{"class":"Right"}}],"file_attributes":{"caption":"","public_domain":"no","image_url":""}},"img_034.jpg48012":{"filename":"img_034.jpg","size":48012,"regions":[{"shape_attributes":{"name":"rect","x":136,"y":30,"width":127,"height":173},"region_attributes":{"class":"Right"}}],"file_attributes":{"caption":"","public_domain":"no","image_url":""}},"img_035.jpg56691":{"filename":"img_035.jpg","size":56691,"regions":[{"shape_attributes":{"name":"rect","x":258,"y":142,"width":82,"height":151},"region_attributes":{"class":"Left"}}],"file_attributes":{"caption":"","public_domain":"no","image_url":""}},"img_036.jpg47951":{"filename":"img_036.jpg","size":47951,"regions":[{"shape_attributes":{"name":"rect","x":10,"y":25,"width":105,"height":169},"region_attributes":{"class":"Right"}},{"shape_attributes":{"name":"rect","x":268,"y":41,"width":124,"height":160},"region_attributes":{"class":"Left"}}],"file_attributes":{"caption":"","public_domain":"no","image_url":""}},"img_037.jpg81033":{"filename":"img_037.jpg","size":81033,"regions":[{"shape_attributes":{"name":"rect","x":5,"y":63,"width":66,"height":80},"region_attributes":{"class":"Right"}},{"shape_attributes":{"name":"rect","x":184,"y":92,"width":47,"height":65},"region_attributes":{"class":"Front"}},{"shape_attributes":{"name":"rect","x":239,"y":91,"width":40,"height":68},"region_attributes":{"class":"Left"}},{"shape_attributes":{"name":"rect","x":300,"y":94,"width":49,"height":72},"region_attributes":{"class":"Front"}},{"shape_attributes":{"name":"rect","x":352,"y":61,"width":43,"height":67},"region_attributes":{"class":"Front"}}],"file_attributes":{"caption":"","public_domain":"no","image_url":""}},"img_038.jpg61338":{"filename":"img_038.jpg","size":61338,"regions":[{"shape_attributes":{"name":"rect","x":167,"y":10,"width":98,"height":171},"region_attributes":{"class":"Front"}}],"file_attributes":{"caption":"","public_domain":"no","image_url":""}},"img_039.jpg63590":{"filename":"img_039.jpg","size":63590,"regions":[{"shape_attributes":{"name":"rect","x":174,"y":25,"width":67,"height":73},"region_attributes":{"class":"DownRight"}},{"shape_attributes":{"name":"rect","x":33,"y":133,"width":40,"height":40},"region_attributes":{"class":"Front"}}],"file_attributes":{"caption":"","public_domain":"no","image_url":""}},"img_040.jpg40998":{"filename":"img_040.jpg","size":40998,"regions":[{"shape_attributes":{"name":"rect","x":154,"y":7,"width":92,"height":78},"region_attributes":{"class":"UpRight"}}],"file_attributes":{"caption":"","public_domain":"no","image_url":""}},"img_041.jpg50985":{"filename":"img_041.jpg","size":50985,"regions":[{"shape_attributes":{"name":"rect","x":224,"y":104,"width":78,"height":163},"region_attributes":{"class":"UpLeft"}},{"shape_attributes":{"name":"rect","x":135,"y":118,"width":88,"height":149},"region_attributes":{"class":"Back"}},{"shape_attributes":{"name":"rect","x":78,"y":9,"width":96,"height":138},"region_attributes":{"class":"Back"}}],"file_attributes":{"caption":"","public_domain":"no","image_url":""}},"img_042.jpg56505":{"filename":"img_042.jpg","size":56505,"regions":[{"shape_attributes":{"name":"rect","x":13,"y":21,"width":153,"height":337},"region_attributes":{"class":"Front"}},{"shape_attributes":{"name":"rect","x":238,"y":16,"width":153,"height":328},"region_attributes":{"class":"Front"}}],"file_attributes":{"caption":"","public_domain":"no","image_url":""}},"img_044.jpg80084":{"filename":"img_044.jpg","size":80084,"regions":[{"shape_attributes":{"name":"rect","x":135,"y":53,"width":66,"height":89},"region_attributes":{"class":"Right"}},{"shape_attributes":{"name":"rect","x":246,"y":75,"width":58,"height":81},"region_attributes":{"class":"Right"}}],"file_attributes":{"caption":"","public_domain":"no","image_url":""}},"img_045.jpg39793":{"filename":"img_045.jpg","size":39793,"regions":[{"shape_attributes":{"name":"rect","x":190,"y":71,"width":67,"height":117},"region_attributes":{"class":"UpLeft"}}],"file_attributes":{"caption":"","public_domain":"no","image_url":""}},"img_046.jpg64406":{"filename":"img_046.jpg","size":64406,"regions":[{"shape_attributes":{"name":"rect","x":239,"y":10,"width":79,"height":149},"region_attributes":{"class":"Left"}}],"file_attributes":{"caption":"","public_domain":"no","image_url":""}},"img_047.jpg45441":{"filename":"img_047.jpg","size":45441,"regions":[{"shape_attributes":{"name":"rect","x":234,"y":4,"width":92,"height":97},"region_attributes":{"class":"Left"}}],"file_attributes":{"caption":"","public_domain":"no","image_url":""}},"img_048.jpg45335":{"filename":"img_048.jpg","size":45335,"regions":[{"shape_attributes":{"name":"rect","x":133,"y":6,"width":134,"height":167},"region_attributes":{"class":"Down"}}],"file_attributes":{"caption":"","public_domain":"no","image_url":""}},"img_049.jpg51106":{"filename":"img_049.jpg","size":51106,"regions":[{"shape_attributes":{"name":"rect","x":30,"y":5,"width":148,"height":216},"region_attributes":{"class":"Left"}},{"shape_attributes":{"name":"rect","x":237,"y":52,"width":129,"height":270},"region_attributes":{"class":"Front"}}],"file_attributes":{"caption":"","public_domain":"no","image_url":""}},"img_050.jpg89732":{"filename":"img_050.jpg","size":89732,"regions":[{"shape_attributes":{"name":"rect","x":59,"y":22,"width":81,"height":74},"region_attributes":{"class":"Front"}},{"shape_attributes":{"name":"rect","x":173,"y":26,"width":78,"height":70},"region_attributes":{"class":"Front"}},{"shape_attributes":{"name":"rect","x":268,"y":28,"width":77,"height":80},"region_attributes":{"class":"Front"}},{"shape_attributes":{"name":"rect","x":2,"y":54,"width":45,"height":43},"region_attributes":{"class":"Front"}}],"file_attributes":{"caption":"","public_domain":"no","image_url":""}},"img_051.jpg51635":{"filename":"img_051.jpg","size":51635,"regions":[{"shape_attributes":{"name":"rect","x":137,"y":20,"width":97,"height":89},"region_attributes":{"class":"Front"}}],"file_attributes":{"caption":"","public_domain":"no","image_url":""}},"img_052.jpg56667":{"filename":"img_052.jpg","size":56667,"regions":[{"shape_attributes":{"name":"rect","x":82,"y":77,"width":85,"height":117},"region_attributes":{"class":"Front"}},{"shape_attributes":{"name":"rect","x":274,"y":12,"width":66,"height":97},"region_attributes":{"class":"Front"}},{"shape_attributes":{"name":"rect","x":254,"y":185,"width":66,"height":108},"region_attributes":{"class":"Back"}}],"file_attributes":{"caption":"","public_domain":"no","image_url":""}},"img_053.jpg85982":{"filename":"img_053.jpg","size":85982,"regions":[{"shape_attributes":{"name":"rect","x":60,"y":24,"width":81,"height":74},"region_attributes":{"class":"Front"}},{"shape_attributes":{"name":"rect","x":157,"y":62,"width":44,"height":56},"region_attributes":{"class":"Front"}},{"shape_attributes":{"name":"rect","x":225,"y":34,"width":52,"height":59},"region_attributes":{"class":"Front"}},{"shape_attributes":{"name":"rect","x":298,"y":46,"width":64,"height":59},"region_attributes":{"class":"Left"}}],"file_attributes":{"caption":"","public_domain":"no","image_url":""}},"img_054.jpg87978":{"filename":"img_054.jpg","size":87978,"regions":[{"shape_attributes":{"name":"rect","x":192,"y":27,"width":41,"height":64},"region_attributes":{"class":"Right"}},{"shape_attributes":{"name":"rect","x":134,"y":32,"width":37,"height":65},"region_attributes":{"class":"Left"}},{"shape_attributes":{"name":"rect","x":329,"y":18,"width":41,"height":66},"region_attributes":{"class":"Right"}},{"shape_attributes":{"name":"rect","x":272,"y":13,"width":31,"height":64},"region_attributes":{"class":"Left"}},{"shape_attributes":{"name":"rect","x":231,"y":6,"width":31,"height":59},"region_attributes":{"class":"Left"}},{"shape_attributes":{"name":"rect","x":75,"y":33,"width":37,"height":67},"region_attributes":{"class":"Right"}},{"shape_attributes":{"name":"rect","x":24,"y":5,"width":46,"height":60},"region_attributes":{"class":"Right"}}],"file_attributes":{"caption":"","public_domain":"no","image_url":""}},"img_055.jpg67945":{"filename":"img_055.jpg","size":67945,"regions":[{"shape_attributes":{"name":"rect","x":83,"y":18,"width":73,"height":105},"region_attributes":{"class":"Front"}},{"shape_attributes":{"name":"rect","x":258,"y":15,"width":69,"height":87},"region_attributes":{"class":"Right"}}],"file_attributes":{"caption":"","public_domain":"no","image_url":""}},"img_056.jpg32930":{"filename":"img_056.jpg","size":32930,"regions":[{"shape_attributes":{"name":"rect","x":106,"y":12,"width":111,"height":151},"region_attributes":{"class":"Left"}}],"file_attributes":{"caption":"","public_domain":"no","image_url":""}},"img_057.jpg68343":{"filename":"img_057.jpg","size":68343,"regions":[{"shape_attributes":{"name":"rect","x":215,"y":129,"width":80,"height":108},"region_attributes":{"class":"Down"}}],"file_attributes":{"caption":"","public_domain":"no","image_url":""}},"img_058.jpg127882":{"filename":"img_058.jpg","size":127882,"regions":[{"shape_attributes":{"name":"rect","x":68,"y":33,"width":46,"height":70},"region_attributes":{"class":"Right"}},{"shape_attributes":{"name":"rect","x":223,"y":63,"width":36,"height":65},"region_attributes":{"class":"Front"}},{"shape_attributes":{"name":"rect","x":333,"y":79,"width":41,"height":57},"region_attributes":{"class":"Down"}}],"file_attributes":{"caption":"","public_domain":"no","image_url":""}},"img_059.jpg61234":{"filename":"img_059.jpg","size":61234,"regions":[{"shape_attributes":{"name":"rect","x":90,"y":29,"width":38,"height":79},"region_attributes":{"class":"Front"}},{"shape_attributes":{"name":"rect","x":155,"y":39,"width":34,"height":67},"region_attributes":{"class":"Front"}},{"shape_attributes":{"name":"rect","x":206,"y":61,"width":31,"height":67},"region_attributes":{"class":"Front"}},{"shape_attributes":{"name":"rect","x":271,"y":63,"width":41,"height":51},"region_attributes":{"class":"Front"}}],"file_attributes":{"caption":"","public_domain":"no","image_url":""}},"img_060.jpg60958":{"filename":"img_060.jpg","size":60958,"regions":[{"shape_attributes":{"name":"rect","x":50,"y":15,"width":46,"height":63},"region_attributes":{"class":"Right"}},{"shape_attributes":{"name":"rect","x":152,"y":19,"width":40,"height":65},"region_attributes":{"class":"Front"}},{"shape_attributes":{"name":"rect","x":189,"y":154,"width":47,"height":57},"region_attributes":{"class":"Right"}}],"file_attributes":{"caption":"","public_domain":"no","image_url":""}},"img_061.jpg82948":{"filename":"img_061.jpg","size":82948,"regions":[{"shape_attributes":{"name":"rect","x":6,"y":4,"width":64,"height":105},"region_attributes":{"class":"Front"}},{"shape_attributes":{"name":"rect","x":90,"y":10,"width":58,"height":120},"region_attributes":{"class":"Front"}},{"shape_attributes":{"name":"rect","x":171,"y":5,"width":51,"height":115},"region_attributes":{"class":"Front"}},{"shape_attributes":{"name":"rect","x":253,"y":7,"width":56,"height":111},"region_attributes":{"class":"Front"}},{"shape_attributes":{"name":"rect","x":332,"y":5,"width":53,"height":114},"region_attributes":{"class":"Front"}}],"file_attributes":{"caption":"","public_domain":"no","image_url":""}},"img_062.jpg62270":{"filename":"img_062.jpg","size":62270,"regions":[{"shape_attributes":{"name":"rect","x":179,"y":10,"width":109,"height":141},"region_attributes":{"class":"Left"}}],"file_attributes":{"caption":"","public_domain":"no","image_url":""}},"img_063.jpg70045":{"filename":"img_063.jpg","size":70045,"regions":[{"shape_attributes":{"name":"rect","x":5,"y":8,"width":145,"height":182},"region_attributes":{"class":"Left"}},{"shape_attributes":{"name":"rect","x":265,"y":52,"width":122,"height":183},"region_attributes":{"class":"Down"}}],"file_attributes":{"caption":"","public_domain":"no","image_url":""}},"img_066.jpg105792":{"filename":"img_066.jpg","size":105792,"regions":[{"shape_attributes":{"name":"rect","x":123,"y":15,"width":157,"height":117},"region_attributes":{"class":"Right"}}],"file_attributes":{"caption":"","public_domain":"no","image_url":""}},"img_067.jpg107258":{"filename":"img_067.jpg","size":107258,"regions":[{"shape_attributes":{"name":"rect","x":68,"y":43,"width":60,"height":78},"region_attributes":{"class":"Down"}},{"shape_attributes":{"name":"rect","x":286,"y":40,"width":46,"height":67},"region_attributes":{"class":"Left"}}],"file_attributes":{"caption":"","public_domain":"no","image_url":""}},"img_068.jpg82328":{"filename":"img_068.jpg","size":82328,"regions":[{"shape_attributes":{"name":"rect","x":6,"y":28,"width":157,"height":173},"region_attributes":{"class":"Right"}},{"shape_attributes":{"name":"rect","x":190,"y":108,"width":81,"height":63},"region_attributes":{"class":"Right"}}],"file_attributes":{"caption":"","public_domain":"no","image_url":""}},"img_070.jpg42409":{"filename":"img_070.jpg","size":42409,"regions":[{"shape_attributes":{"name":"rect","x":39,"y":4,"width":269,"height":309},"region_attributes":{"class":"Front"}}],"file_attributes":{"caption":"","public_domain":"no","image_url":""}},"img_071.jpg54114":{"filename":"img_071.jpg","size":54114,"regions":[{"shape_attributes":{"name":"rect","x":144,"y":39,"width":94,"height":87},"region_attributes":{"class":"Front"}}],"file_attributes":{"caption":"","public_domain":"no","image_url":""}},"img_072.jpg48721":{"filename":"img_072.jpg","size":48721,"regions":[{"shape_attributes":{"name":"rect","x":208,"y":37,"width":95,"height":136},"region_attributes":{"class":"Left"}}],"file_attributes":{"caption":"","public_domain":"no","image_url":""}},"img_073.jpg67664":{"filename":"img_073.jpg","size":67664,"regions":[{"shape_attributes":{"name":"rect","x":103,"y":39,"width":103,"height":91},"region_attributes":{"class":"Right"}},{"shape_attributes":{"name":"rect","x":268,"y":7,"width":94,"height":100},"region_attributes":{"class":"Right"}}],"file_attributes":{"caption":"","public_domain":"no","image_url":""}},"img_075.jpg70925":{"filename":"img_075.jpg","size":70925,"regions":[{"shape_attributes":{"name":"rect","x":152,"y":114,"width":66,"height":77},"region_attributes":{"class":"Right"}},{"shape_attributes":{"name":"rect","x":260,"y":84,"width":56,"height":79},"region_attributes":{"class":"Front"}}],"file_attributes":{"caption":"","public_domain":"no","image_url":""}},"img_076.jpg75413":{"filename":"img_076.jpg","size":75413,"regions":[{"shape_attributes":{"name":"rect","x":65,"y":189,"width":77,"height":119},"region_attributes":{"class":"Front"}},{"shape_attributes":{"name":"rect","x":167,"y":193,"width":70,"height":106},"region_attributes":{"class":"Front"}},{"shape_attributes":{"name":"rect","x":250,"y":1,"width":140,"height":231},"region_attributes":{"class":"Left"}}],"file_attributes":{"caption":"","public_domain":"no","image_url":""}},"img_077.jpg59915":{"filename":"img_077.jpg","size":59915,"regions":[{"shape_attributes":{"name":"rect","x":225,"y":224,"width":35,"height":31},"region_attributes":{"class":"Back"}},{"shape_attributes":{"name":"rect","x":150,"y":255,"width":29,"height":23},"region_attributes":{"class":"Back"}},{"shape_attributes":{"name":"rect","x":310,"y":214,"width":26,"height":37},"region_attributes":{"class":"Back"}},{"shape_attributes":{"name":"rect","x":221,"y":128,"width":24,"height":26},"region_attributes":{"class":"Back"}},{"shape_attributes":{"name":"rect","x":185,"y":160,"width":26,"height":44},"region_attributes":{"class":"Down"}}],"file_attributes":{"caption":"","public_domain":"no","image_url":""}},"img_078.jpg24474":{"filename":"img_078.jpg","size":24474,"regions":[{"shape_attributes":{"name":"rect","x":6,"y":14,"width":382,"height":379},"region_attributes":{"class":"Front"}}],"file_attributes":{"caption":"","public_domain":"no","image_url":""}},"img_079.jpg70084":{"filename":"img_079.jpg","size":70084,"regions":[{"shape_attributes":{"name":"rect","x":159,"y":22,"width":153,"height":144},"region_attributes":{"class":"Left"}},{"shape_attributes":{"name":"rect","x":55,"y":98,"width":95,"height":77},"region_attributes":{"class":"DownLeft"}}],"file_attributes":{"caption":"","public_domain":"no","image_url":""}},"img_080.jpg73752":{"filename":"img_080.jpg","size":73752,"regions":[{"shape_attributes":{"name":"rect","x":38,"y":28,"width":102,"height":115},"region_attributes":{"class":"Right"}},{"shape_attributes":{"name":"rect","x":202,"y":20,"width":81,"height":105},"region_attributes":{"class":"Left"}}],"file_attributes":{"caption":"","public_domain":"no","image_url":""}},"img_081.jpg39380":{"filename":"img_081.jpg","size":39380,"regions":[{"shape_attributes":{"name":"rect","x":51,"y":258,"width":128,"height":107},"region_attributes":{"class":"Up"}}],"file_attributes":{"caption":"","public_domain":"no","image_url":""}},"img_082.jpg97534":{"filename":"img_082.jpg","size":97534,"regions":[{"shape_attributes":{"name":"rect","x":116,"y":34,"width":54,"height":72},"region_attributes":{"class":"Front"}},{"shape_attributes":{"name":"rect","x":204,"y":28,"width":62,"height":60},"region_attributes":{"class":"Front"}}],"file_attributes":{"caption":"","public_domain":"no","image_url":""}},"img_083.jpg81209":{"filename":"img_083.jpg","size":81209,"regions":[{"shape_attributes":{"name":"rect","x":130,"y":1,"width":74,"height":52},"region_attributes":{"class":"Right"}},{"shape_attributes":{"name":"rect","x":32,"y":4,"width":80,"height":35},"region_attributes":{"class":"Right"}},{"shape_attributes":{"name":"rect","x":228,"y":3,"width":66,"height":44},"region_attributes":{"class":"Right"}},{"shape_attributes":{"name":"rect","x":327,"y":-1,"width":55,"height":49},"region_attributes":{"class":"Right"}}],"file_attributes":{"caption":"","public_domain":"no","image_url":""}},"img_084.jpg63232":{"filename":"img_084.jpg","size":63232,"regions":[{"shape_attributes":{"name":"rect","x":95,"y":71,"width":173,"height":188},"region_attributes":{"class":"UpRight"}}],"file_attributes":{"caption":"","public_domain":"no","image_url":""}},"img_086.jpg75468":{"filename":"img_086.jpg","size":75468,"regions":[{"shape_attributes":{"name":"rect","x":140,"y":129,"width":207,"height":258},"region_attributes":{"class":"Right"}}],"file_attributes":{"caption":"","public_domain":"no","image_url":""}},"img_087.jpg77876":{"filename":"img_087.jpg","size":77876,"regions":[{"shape_attributes":{"name":"rect","x":123,"y":41,"width":127,"height":144},"region_attributes":{"class":"Left"}},{"shape_attributes":{"name":"rect","x":25,"y":273,"width":62,"height":88},"region_attributes":{"class":"Front"}},{"shape_attributes":{"name":"rect","x":308,"y":282,"width":72,"height":93},"region_attributes":{"class":"Front"}}],"file_attributes":{"caption":"","public_domain":"no","image_url":""}},"img_088.jpg61584":{"filename":"img_088.jpg","size":61584,"regions":[{"shape_attributes":{"name":"rect","x":43,"y":73,"width":63,"height":64},"region_attributes":{"class":"Front"}},{"shape_attributes":{"name":"rect","x":147,"y":24,"width":62,"height":65},"region_attributes":{"class":"Front"}},{"shape_attributes":{"name":"rect","x":181,"y":152,"width":53,"height":68},"region_attributes":{"class":"Front"}},{"shape_attributes":{"name":"rect","x":245,"y":112,"width":52,"height":61},"region_attributes":{"class":"Front"}},{"shape_attributes":{"name":"rect","x":307,"y":84,"width":49,"height":82},"region_attributes":{"class":"Front"}}],"file_attributes":{"caption":"","public_domain":"no","image_url":""}},"img_089.jpg65724":{"filename":"img_089.jpg","size":65724,"regions":[{"shape_attributes":{"name":"rect","x":6,"y":84,"width":113,"height":154},"region_attributes":{"class":"Front"}},{"shape_attributes":{"name":"rect","x":197,"y":18,"width":145,"height":136},"region_attributes":{"class":"Front"}}],"file_attributes":{"caption":"","public_domain":"no","image_url":""}},"img_090.jpg49345":{"filename":"img_090.jpg","size":49345,"regions":[{"shape_attributes":{"name":"rect","x":134,"y":66,"width":172,"height":320},"region_attributes":{"class":"Front"}}],"file_attributes":{"caption":"","public_domain":"no","image_url":""}},"img_091.jpg66014":{"filename":"img_091.jpg","size":66014,"regions":[{"shape_attributes":{"name":"rect","x":33,"y":71,"width":104,"height":124},"region_attributes":{"class":"Front"}},{"shape_attributes":{"name":"rect","x":276,"y":74,"width":89,"height":98},"region_attributes":{"class":"Front"}}],"file_attributes":{"caption":"","public_domain":"no","image_url":""}},"img_092.jpg83238":{"filename":"img_092.jpg","size":83238,"regions":[{"shape_attributes":{"name":"rect","x":164,"y":5,"width":94,"height":88},"region_attributes":{"class":"Right"}},{"shape_attributes":{"name":"rect","x":289,"y":101,"width":82,"height":97},"region_attributes":{"class":"Right"}},{"shape_attributes":{"name":"rect","x":2,"y":34,"width":38,"height":67},"region_attributes":{"class":"Right"}}],"file_attributes":{"caption":"","public_domain":"no","image_url":""}},"img_093.jpg56270":{"filename":"img_093.jpg","size":56270,"regions":[{"shape_attributes":{"name":"rect","x":231,"y":7,"width":106,"height":125},"region_attributes":{"class":"Left"}}],"file_attributes":{"caption":"","public_domain":"no","image_url":""}},"img_094.jpg51424":{"filename":"img_094.jpg","size":51424,"regions":[{"shape_attributes":{"name":"rect","x":178,"y":6,"width":128,"height":151},"region_attributes":{"class":"Front"}}],"file_attributes":{"caption":"","public_domain":"no","image_url":""}},"img_095.jpg68966":{"filename":"img_095.jpg","size":68966,"regions":[{"shape_attributes":{"name":"rect","x":147,"y":17,"width":99,"height":104},"region_attributes":{"class":"Front"}}],"file_attributes":{"caption":"","public_domain":"no","image_url":""}},"img_096.jpg67936":{"filename":"img_096.jpg","size":67936,"regions":[{"shape_attributes":{"name":"rect","x":135,"y":25,"width":117,"height":111},"region_attributes":{"class":"Right"}},{"shape_attributes":{"name":"rect","x":275,"y":50,"width":89,"height":104},"region_attributes":{"class":"Back"}}],"file_attributes":{"caption":"","public_domain":"no","image_url":""}},"img_097.jpg86084":{"filename":"img_097.jpg","size":86084,"regions":[{"shape_attributes":{"name":"rect","x":150,"y":105,"width":88,"height":72},"region_attributes":{"class":"Right"}},{"shape_attributes":{"name":"rect","x":240,"y":91,"width":43,"height":66},"region_attributes":{"class":"Front"}},{"shape_attributes":{"name":"rect","x":13,"y":125,"width":66,"height":91},"region_attributes":{"class":"Right"}}],"file_attributes":{"caption":"","public_domain":"no","image_url":""}},"img_098.jpg57912":{"filename":"img_098.jpg","size":57912,"regions":[{"shape_attributes":{"name":"rect","x":252,"y":215,"width":75,"height":108},"region_attributes":{"class":"Left"}},{"shape_attributes":{"name":"rect","x":169,"y":241,"width":63,"height":85},"region_attributes":{"class":"Left"}},{"shape_attributes":{"name":"rect","x":110,"y":251,"width":50,"height":69},"region_attributes":{"class":"Left"}},{"shape_attributes":{"name":"rect","x":56,"y":255,"width":45,"height":65},"region_attributes":{"class":"Left"}}],"file_attributes":{"caption":"","public_domain":"no","image_url":""}},"img_099.jpg70255":{"filename":"img_099.jpg","size":70255,"regions":[{"shape_attributes":{"name":"rect","x":129,"y":3,"width":88,"height":78},"region_attributes":{"class":"Front"}},{"shape_attributes":{"name":"rect","x":238,"y":6,"width":90,"height":88},"region_attributes":{"class":"Front"}}],"file_attributes":{"caption":"","public_domain":"no","image_url":""}},"img_100.jpg77861":{"filename":"img_100.jpg","size":77861,"regions":[{"shape_attributes":{"name":"rect","x":155,"y":45,"width":110,"height":145},"region_attributes":{"class":"Front"}}],"file_attributes":{"caption":"","public_domain":"no","image_url":""}},"img_101.jpg67815":{"filename":"img_101.jpg","size":67815,"regions":[{"shape_attributes":{"name":"rect","x":192,"y":12,"width":114,"height":111},"region_attributes":{"class":"DownLeft"}},{"shape_attributes":{"name":"rect","x":103,"y":93,"width":116,"height":109},"region_attributes":{"class":"UpRight"}}],"file_attributes":{"caption":"","public_domain":"no","image_url":""}},"img_102.jpg23815":{"filename":"img_102.jpg","size":23815,"regions":[{"shape_attributes":{"name":"rect","x":229,"y":58,"width":69,"height":69},"region_attributes":{"class":"Left"}}],"file_attributes":{"caption":"","public_domain":"no","image_url":""}},"img_103.jpg94022":{"filename":"img_103.jpg","size":94022,"regions":[{"shape_attributes":{"name":"rect","x":46,"y":120,"width":55,"height":86},"region_attributes":{"class":"Front"}},{"shape_attributes":{"name":"rect","x":171,"y":106,"width":51,"height":67},"region_attributes":{"class":"Front"}},{"shape_attributes":{"name":"rect","x":103,"y":103,"width":56,"height":68},"region_attributes":{"class":"Front"}},{"shape_attributes":{"name":"rect","x":268,"y":97,"width":59,"height":73},"region_attributes":{"class":"Right"}}],"file_attributes":{"caption":"","public_domain":"no","image_url":""}},"img_104.jpg76387":{"filename":"img_104.jpg","size":76387,"regions":[{"shape_attributes":{"name":"rect","x":35,"y":101,"width":39,"height":41},"region_attributes":{"class":"Front"}},{"shape_attributes":{"name":"rect","x":103,"y":113,"width":37,"height":40},"region_attributes":{"class":"Front"}},{"shape_attributes":{"name":"rect","x":155,"y":109,"width":31,"height":44},"region_attributes":{"class":"Front"}},{"shape_attributes":{"name":"rect","x":212,"y":103,"width":27,"height":44},"region_attributes":{"class":"Front"}},{"shape_attributes":{"name":"rect","x":264,"y":108,"width":27,"height":46},"region_attributes":{"class":"Front"}},{"shape_attributes":{"name":"rect","x":319,"y":95,"width":37,"height":49},"region_attributes":{"class":"Front"}}],"file_attributes":{"caption":"","public_domain":"no","image_url":""}},"img_105.jpg74625":{"filename":"img_105.jpg","size":74625,"regions":[{"shape_attributes":{"name":"rect","x":76,"y":68,"width":72,"height":102},"region_attributes":{"class":"Front"}},{"shape_attributes":{"name":"rect","x":216,"y":68,"width":100,"height":89},"region_attributes":{"class":"Front"}}],"file_attributes":{"caption":"","public_domain":"no","image_url":""}},"img_106.jpg78777":{"filename":"img_106.jpg","size":78777,"regions":[{"shape_attributes":{"name":"rect","x":151,"y":100,"width":50,"height":78},"region_attributes":{"class":"Front"}},{"shape_attributes":{"name":"rect","x":207,"y":71,"width":74,"height":77},"region_attributes":{"class":"Front"}}],"file_attributes":{"caption":"","public_domain":"no","image_url":""}},"img_107.jpg78459":{"filename":"img_107.jpg","size":78459,"regions":[{"shape_attributes":{"name":"rect","x":79,"y":36,"width":152,"height":171},"region_attributes":{"class":"Front"}}],"file_attributes":{"caption":"","public_domain":"no","image_url":""}},"img_108.jpg63793":{"filename":"img_108.jpg","size":63793,"regions":[{"shape_attributes":{"name":"rect","x":99,"y":117,"width":48,"height":57},"region_attributes":{"class":"UpRight"}},{"shape_attributes":{"name":"rect","x":169,"y":145,"width":30,"height":49},"region_attributes":{"class":"Right"}}],"file_attributes":{"caption":"","public_domain":"no","image_url":""}},"img_109.jpg61584":{"filename":"img_109.jpg","size":61584,"regions":[{"shape_attributes":{"name":"rect","x":136,"y":80,"width":114,"height":144},"region_attributes":{"class":"Down"}}],"file_attributes":{"caption":"","public_domain":"no","image_url":""}},"img_110.jpg44468":{"filename":"img_110.jpg","size":44468,"regions":[{"shape_attributes":{"name":"rect","x":121,"y":57,"width":65,"height":96},"region_attributes":{"class":"Front"}},{"shape_attributes":{"name":"rect","x":224,"y":41,"width":65,"height":88},"region_attributes":{"class":"Front"}}],"file_attributes":{"caption":"","public_domain":"no","image_url":""}},"img_111.jpg83934":{"filename":"img_111.jpg","size":83934,"regions":[{"shape_attributes":{"name":"rect","x":106,"y":54,"width":83,"height":112},"region_attributes":{"class":"Front"}},{"shape_attributes":{"name":"rect","x":232,"y":28,"width":83,"height":121},"region_attributes":{"class":"Front"}}],"file_attributes":{"caption":"","public_domain":"no","image_url":""}},"img_112.jpg52181":{"filename":"img_112.jpg","size":52181,"regions":[{"shape_attributes":{"name":"rect","x":164,"y":38,"width":133,"height":194},"region_attributes":{"class":"Left"}}],"file_attributes":{"caption":"","public_domain":"no","image_url":""}}}